Zone17,HH
1,629
2,3468
3,4497
4,4816
5,4030
6,1791
7,8388
8,183
9,1750
10,4213
11,3392
12,2702
13,4854
14,2884
15,1590
16,2138
17,1743
18,1328
19,7013
20,2594
21,543
22,1927
23,797
24,1991
25,3462
26,3196
27,1759
28,254
29,626
30,637
31,0
32,1091
33,1122
34,2759
35,2423
36,325
37,0
38,3
39,3031
40,3662
41,2586
42,0
43,83
44,0
45,664
46,1038
47,2552
48,2262
49,101
50,3058
51,11017
52,4648
53,2891
54,447
55,2670
56,12385
57,10027
58,3474
59,4474
60,4542
61,4712
62,4280
63,6150
64,4431
65,1621
66,1518
67,3497
68,361
69,11200
70,16220
71,0
72,3257
73,3035
74,1277
75,1906
76,10462
77,0
78,3189
79,714
80,1525
81,2681
82,3697
83,2255
84,3551
85,2470
86,314
87,2224
88,4242
89,2602
90,3082
91,4033
92,4291
93,4709
94,2659
95,2596
96,1725
97,1175
98,3330
99,1896
100,1672
101,0
102,66
103,52
104,3341
105,3429
106,2193
107,337
108,45
109,113
110,855
111,2822
112,418
113,0
114,0
115,0
116,1136
117,1308
118,2911
119,2072
120,2174
121,400
122,0
123,0
124,1178
125,0
126,0
127,678
128,668
129,0
130,0
131,448
132,138
133,327
134,673
135,3671
136,1796
137,2060
138,1805
139,653
140,2221
141,1039
142,758
143,1431
144,874
145,1155
146,746
147,763
148,656
149,690
150,929
151,3915
152,4585
153,2091
154,540
155,1104
156,368
157,651
158,47
159,498
160,745
161,1159
162,1035
163,2817
164,3959
165,2312
166,5689
167,1929
168,2598
169,680
170,2213
171,2560
172,2667
173,2165
174,3264
175,4141
176,586
177,6383
178,964
179,496
180,907
181,741
182,564
183,1414
184,1292
185,220
186,1266
187,540
188,420
189,216
190,112
191,841
192,778
193,594
194,390
195,762
196,643
197,48
198,1926
199,3241
200,3024
201,1127
202,2558
203,4082
204,844
205,1908
206,1206
207,1140
208,1446
209,742
210,2013
211,1276
212,1031
213,118
214,1216
215,1658
216,0
217,2522
218,2409
219,2962
220,985
221,1435
222,3621
223,687
224,737
225,6320
226,1251
227,2072
228,2255
229,1032
230,961
231,692
232,1767
233,2559
234,3351
235,2259
236,2606
237,2913
238,2382
239,2484
240,1275
241,2907
242,1570
243,1185
244,305
245,1483
246,1172
247,1287
248,1556
249,1345
250,2055
251,1673
252,1915
253,2116
254,1088
255,1126
256,1135
257,2230
258,954
259,2588
260,368
261,2014
262,329
263,264
264,2323
265,1480
266,383
267,1431
268,1543
269,1654
270,5547
271,7895
272,943
273,1388
274,1417
275,1239
276,3517
277,2751
278,3049
279,3155
280,2505
281,2017
282,1755
283,1387
284,556
285,965
286,952
287,1365
288,1543
289,1043
290,1216
291,1424
292,1798
293,1051
294,1792
295,984
296,1189
297,1962
298,240
299,2234
300,1524
301,3215
302,2134
303,2484
304,2421
305,2923
306,2962
307,3331
308,1527
309,2542
310,2765
311,6924
312,7657
313,3885
314,2751
315,2046
316,3670
317,1841
318,1196
319,6099
320,2576
321,2881
322,0
323,5895
324,2455
325,2564
326,2600
327,2273
328,5304
329,4523
330,6322
331,1374
332,1554
333,3151
334,3178
335,2611
336,2513
337,4113
338,6144
339,3813
340,3634
341,9270
342,8317
343,386
344,2571
345,2411
346,1535
347,3553
348,4171
349,3045
350,3892
351,2653
352,11202
353,0
354,7570
355,5723
356,1284
357,2237
358,1782
359,739
360,1826
361,380
362,32
363,1539
364,1641
365,2154
366,1063
367,2328
368,3404
369,1190
370,0
371,4360
372,1252
373,1439
374,1367
375,1898
376,1422
377,1884
378,981
379,0
380,186
381,941
382,1524
383,979
384,448
385,1487
386,1841
387,702
388,610
389,255
390,469
391,209
392,110
393,121
394,2662
395,2470
396,336
397,1187
398,1493
399,2438
400,841
401,1405
402,1097
403,1631
404,1151
405,2462
406,1482
407,1253
408,403
409,3059
410,566
411,2032
412,3210
413,3367
414,3652
415,2920
416,1551
417,716
418,674
419,1404
420,1543
421,283
422,2684
423,114
424,2852
425,3920
426,2512
427,2487
428,0
429,3714
430,1969
431,239
432,317
433,882
434,0
435,0
436,747
437,0
438,258
439,1130
440,1063
441,2612
442,1174
443,1394
444,1056
445,834
446,0
447,519
448,3033
449,1988
450,823
451,2557
452,704
453,2417
454,722
455,1710
456,3092
457,916
458,0
459,952
460,1729
461,359
462,0
463,0
464,2366
465,2641
466,2417
467,2777
468,1897
469,969
470,1163
471,1262
472,376
473,950
474,879
475,1507
476,797
477,619
478,921
479,701
480,52
481,862
482,1347
483,0
484,1543
485,660
486,993
487,634
488,923
489,92
490,871
491,951
492,3977
493,1621
494,0
495,534
496,446
497,1324
498,1073
499,730
500,1059
501,4267
502,5597
503,2555
504,0
505,970
506,951
507,1220
508,1817
509,1658
510,1593
511,0
512,337
513,0
514,396
515,2562
516,2697
517,3110
518,810
519,560
520,744
521,732
522,2858
523,0
524,7
525,1857
526,13
527,160
528,1280
529,896
530,438
531,659
532,2114
533,1475
534,1659
535,2167
536,2027
537,300
538,2072
539,2334
540,1910
541,714
542,1065
543,2252
544,420
545,936
546,1896
547,1903
548,2078
549,1810
550,0
551,3337
552,3302
553,2260
554,4068
555,1257
556,2025
557,2879
558,498
559,1505
560,1521
561,199
562,6699
563,3522
564,1632
565,0
566,3865
567,2164
568,2544
569,987
570,317
571,2136
572,0
573,1967
574,5113
575,6733
576,2000
577,648
578,1320
579,1089
580,1229
581,1795
582,297
583,3157
584,1703
585,1505
586,2601
587,2626
588,0
589,0
590,0
591,6337
592,3842
593,969
594,1530
595,933
596,2017
597,5833
598,6937
599,639
600,975
601,1893
602,802
603,1568
604,3584
605,2321
606,1830
607,4713
608,6641
609,822
610,573
611,407
612,84
613,811
614,3591
615,1022
616,1247
617,1321
618,1142
619,939
620,3659
621,4435
622,904
623,2928
624,4015
625,1360
626,1693
627,1625
628,2004
629,893
630,128
631,3393
632,2558
633,1426
634,2318
635,2077
636,749
637,465
638,416
639,244
640,4228
641,1068
642,841
643,225
644,893
645,4200
646,397
647,1125
648,715
649,880
650,3195
651,2007
652,2744
653,3215
654,578
655,833
656,698
657,4
658,615
659,0
660,171
661,575
662,934
663,429
664,897
665,0
666,190
667,950
668,644
669,565
670,446
671,2740
672,3546
673,1088
674,998
675,891
676,1247
677,0
678,127
679,0
680,1569
681,2905
682,3976
683,3846
684,8
685,3
686,497
687,227
688,3734
689,713
690,0
691,89
692,32
693,579
694,799
695,94
696,0
697,2079
698,2161
699,714
700,794
701,671
702,635
703,96
704,404
705,1069
706,0
707,541
708,2790
709,0
710,473
711,826
712,0
713,223
714,888
715,0
716,328
717,616
718,132
719,288
720,3357
721,120
722,350
723,1148
724,140
725,2017
726,1367
727,5672
728,1079
729,0
730,1306
731,2174
732,994
733,1086
734,3150
735,8801
736,6009
737,5480
738,1867
739,8
740,377
741,700
742,491
743,2137
744,534
745,681
746,648
747,455
748,1415
749,4504
750,100
751,16
752,937
753,745
754,1186
755,1832
756,725
757,1058
758,1581
759,2161
760,855
761,702
762,464
763,4390
764,1277
765,654
766,1265
767,563
768,718
769,2092
770,1886
771,1010
772,2016
773,1137
774,1197
775,173
776,385
777,118
778,1263
779,966
780,374
781,553
782,292
783,448
784,1558
785,1119
786,215
787,191
788,1503
789,520
790,1193
791,1217
792,2209
793,1804
794,1537
795,1203
796,748
797,1092
798,1057
799,0
800,7
801,1516
802,538
803,1394
804,0
805,0
806,3261
807,1810
808,421
809,1025
810,1396
811,437
812,1490
813,391
814,0
815,1045
816,536
817,121
818,1684
819,2473
820,2270
821,3064
822,2021
823,473
824,716
825,1616
826,527
827,1898
828,2095
829,2387
830,710
831,632
832,425
833,899
834,7099
835,821
836,1908
837,206
838,1354
839,38
840,1103
841,440
842,667
843,2358
844,1152
845,1277
846,703
847,1221
848,175
849,1085
850,1606
851,713
852,1031
853,355
854,652
855,248
856,447
857,1335
858,2620
859,868
860,476
861,858
862,1528
863,1876
864,1105
865,1722
866,2614
867,2035
868,2277
869,2069
870,21
871,5
872,2201
873,2048
874,1972
875,700
876,1545
877,412
878,1660
879,1739
880,450
881,544
882,1820
883,742
884,576
885,515
886,1872
887,373
888,978
889,1673
890,217
891,638
892,657
893,300
894,1766
895,1453
896,380
897,455
898,678
899,492
900,2587
901,1246
902,2611
903,1050
904,823
905,346
906,1185
907,322
908,1121
909,762
910,1952
911,2992
912,1692
913,458
914,764
915,1395
916,741
917,0
918,420
919,984
920,1495
921,632
922,1353
923,1628
924,507
925,349
926,1188
927,2069
928,429
929,1261
930,97
931,143
932,136
933,339
934,562
935,39
936,433
937,383
938,1292
939,726
940,409
941,0
942,880
943,2461
944,1808
945,1458
946,846
947,442
948,0
949,0
950,1223
951,0
952,2338
953,22
954,0
955,1102
956,715
957,391
958,648
959,618
960,402
961,1048
962,1495
963,1809
964,1824
965,728
966,744
967,1342
968,1283
969,1707
970,385
971,628
972,369
973,22
974,1295
975,1829
976,351
977,1154
978,1165
979,1705
980,926
981,2742
982,439
983,451
984,210
985,353
986,372
987,35
988,747
989,338
990,607
991,322
992,401
993,465
994,837
995,1537
996,1392
997,901
998,355
999,572
1000,606
1001,578
1002,1796
1003,299
1004,1527
1005,2945
1006,1783
1007,1884
1008,1467
1009,602
1010,960
1011,2769
1012,714
1013,1934
1014,1811
1015,1115
1016,1517
1017,836
1018,1240
1019,884
1020,1059
1021,260
1022,2647
1023,955
1024,388
1025,601
1026,495
1027,1683
1028,1560
1029,662
1030,524
1031,236
1032,390
1033,1688
1034,1589
1035,3518
1036,510
1037,189
1038,939
1039,430
1040,286
1041,685
1042,328
1043,0
1044,751
1045,159
1046,692
1047,680
1048,445
1049,851
1050,637
1051,450
1052,866
1053,268
1054,610
1055,321
1056,464
1057,216
1058,648
1059,439
1060,429
1061,407
1062,0
1063,749
1064,662
1065,646
1066,506
1067,531
1068,796
1069,693
1070,1209
1071,378
1072,891
1073,1622
1074,1202
1075,1758
1076,1213
1077,669
1078,933
1079,2034
1080,1694
1081,2074
1082,1857
1083,916
1084,643
1085,859
1086,897
1087,989
1088,1494
1089,713
1090,512
1091,1330
1092,996
1093,73
1094,995
1095,1092
1096,1283
1097,943
1098,1375
1099,1371
1100,483
1101,262
1102,508
1103,484
1104,1305
1105,617
1106,414
1107,1797
1108,1127
1109,639
1110,964
1111,565
1112,631
1113,2445
1114,680
1115,1028
1116,927
1117,1629
1118,197
1119,676
1120,0
1121,994
1122,639
1123,606
1124,1452
1125,187
1126,1575
1127,1023
1128,1302
1129,712
1130,488
1131,121
1132,1796
1133,756
1134,640
1135,232
1136,768
1137,767
1138,1228
1139,561
1140,1140
1141,329
1142,1202
1143,514
1144,164
1145,682
1146,593
1147,2213
1148,13
1149,1332
1150,114
1151,1400
1152,115
1153,714
1154,586
1155,777
1156,911
1157,1098
1158,498
1159,764
1160,464
1161,599
1162,819
1163,504
1164,465
1165,506
1166,59
1167,480
1168,271
1169,484
1170,648
1171,375
1172,1559
1173,2005
1174,4354
1175,787
1176,4196
1177,1568
1178,3276
1179,426
1180,1553
1181,2355
1182,2179
1183,1258
1184,634
1185,523
1186,843
1187,576
1188,1467
1189,895
1190,228
1191,0
1192,0
1193,1173
1194,955
1195,602
1196,806
1197,1205
1198,527
1199,467
1200,750
1201,515
1202,866
1203,1241
1204,453
1205,818
1206,1182
1207,450
1208,768
1209,43
1210,229
1211,926
1212,1141
1213,1310
1214,2248
1215,1229
1216,1890
1217,577
1218,1842
1219,0
1220,683
1221,467
1222,0
1223,1066
1224,230
1225,2360
1226,927
1227,497
1228,1173
1229,419
1230,941
1231,328
1232,578
1233,0
1234,342
1235,1036
1236,197
1237,183
1238,1297
1239,1035
1240,1489
1241,649
1242,786
1243,42
1244,528
1245,406
1246,364
1247,522
1248,506
1249,556
1250,2217
1251,3216
1252,1098
1253,734
1254,113
1255,511
1256,1457
1257,964
1258,1151
1259,1175
1260,367
1261,1123
1262,88
1263,1509
1264,729
1265,3607
1266,666
1267,633
1268,727
1269,643
1270,462
1271,672
1272,333
1273,1298
1274,4189
1275,0
1276,1490
1277,2091
1278,309
1279,1793
1280,1470
1281,939
1282,1531
1283,138
1284,2549
1285,944
1286,1242
1287,270
1288,347
1289,601
1290,13
1291,440
1292,879
1293,24
1294,686
1295,629
1296,2859
1297,1586
1298,2347
1299,1264
1300,543
1301,705
1302,0
1303,1003
1304,101
1305,688
1306,712
1307,682
1308,502
1309,1282
1310,4132
1311,1390
1312,2846
1313,556
1314,1103
1315,868
1316,870
1317,4628
1318,1470
1319,4002
1320,1101
1321,2090
1322,2241
1323,1365
1324,1704
1325,1581
1326,1306
1327,1395
1328,1396
1329,2934
1330,3305
1331,2061
1332,2546
1333,8645
1334,1363
1335,2226
1336,216
1337,3872
1338,1324
1339,831
1340,1762
1341,1405
1342,2412
1343,2187
1344,1444
1345,465
1346,3017
1347,3058
1348,1753
1349,470
1350,1656
1351,2426
1352,1547
1353,2183
1354,833
1355,1496
1356,1302
1357,1232
1358,1732
1359,1075
1360,651
1361,1033
1362,1907
1363,2355
1364,1233
1365,620
1366,611
1367,1319
1368,4523
1369,622
1370,856
1371,639
1372,425
1373,1969
1374,1478
1375,1063
1376,569
1377,717
1378,628
1379,581
1380,0
1381,490
1382,1284
1383,1509
1384,1160
1385,1676
1386,163
1387,0
1388,0
1389,1753
1390,943
1391,1811
1392,688
1393,1082
1394,1024
1395,160
1396,68
1397,384
1398,341
1399,0
1400,1812
1401,831
1402,645
1403,45
1404,1775
1405,631
1406,2108
1407,627
1408,557
1409,1019
1410,1122
1411,3735
1412,632
1413,662
1414,454
1415,641
1416,3687
1417,0
1418,0
1419,0
1420,709
1421,926
1422,0
1423,0
1424,0
1425,0
1426,354
1427,0
1428,644
1429,480
1430,1000
1431,0
1432,563
1433,0
1434,638
1435,0
1436,0
1437,746
1438,2784
1439,2739
1440,2753
1441,1356
1442,1054
1443,581
1444,3856
1445,3267
1446,821
1447,492
1448,1895
1449,2370
1450,750
1451,902
1452,950
1453,509
1454,106
1455,332
1456,1257
1457,421
1458,634
1459,35
1460,701
1461,1823
1462,1531
1463,2058
1464,1125
1465,1276
1466,2208
1467,606
1468,907
1469,725
1470,1351
1471,2408
1472,2874
1473,3200
1474,623
1475,899
1476,1241
1477,921
1478,213
1479,1159
1480,1021
1481,0
1482,1049
1483,1263
1484,488
1485,311
1486,3480
1487,679
1488,260
1489,424
1490,1076
1491,2577
1492,2934
1493,958
1494,1039
1495,960
1496,1645
1497,998
1498,817
1499,886
1500,703
1501,753
1502,1300
1503,804
1504,621
1505,715
1506,1159
1507,2352
1508,2449
1509,4090
1510,1541
1511,174
1512,1398
1513,974
1514,875
1515,1094
1516,299
1517,187
1518,376
1519,484
1520,140
1521,0
1522,1042
1523,983
1524,2243
1525,970
1526,1361
1527,512
1528,648
1529,427
1530,192
1531,958
1532,291
1533,377
1534,856
1535,313
1536,605
1537,825
1538,474
1539,1090
1540,1199
1541,13
1542,532
1543,708
1544,724
1545,432
1546,1027
1547,0
1548,402
1549,2175
1550,130
1551,81
1552,3008
1553,273
1554,2108
1555,1811
1556,868
1557,451
1558,20
1559,736
1560,2584
1561,2261
1562,1309
1563,2073
1564,382
1565,1151
1566,2157
1567,2026
1568,2188
1569,2460
1570,5032
1571,3630
1572,5646
1573,815
1574,2577
1575,909
1576,2724
1577,1200
1578,1603
1579,3148
1580,3327
1581,2147
1582,1509
1583,152
1584,248
1585,539
1586,547
1587,1296
1588,598
1589,626
1590,502
1591,1978
1592,646
1593,2393
1594,1572
1595,1701
1596,232
1597,1225
1598,592
1599,797
1600,1106
1601,2544
1602,994
1603,410
1604,1116
1605,1933
1606,1044
1607,491
1608,198
1609,1140
1610,583
1611,209
1612,1651
1613,1428
1614,1651
1615,2390
1616,1421
1617,578
1618,0
1619,5662
1620,1667
1621,1530
1622,2745
1623,2381
1624,1896
1625,1803
1626,2101
1627,4522
1628,507
1629,758
1630,734
1631,741
1632,2715
1633,1303
1634,2125
1635,2106
1636,1027
1637,1506
1638,1071
1639,502
1640,1985
1641,1490
1642,2460
1643,1485
1644,831
1645,17
1646,1763
1647,665
1648,1109
1649,2405
1650,1477
1651,370
1652,846
1653,251
1654,1798
1655,2998
1656,170
1657,2322
1658,1826
1659,624
1660,2524
1661,1157
1662,1529
1663,1551
1664,1811
1665,2731
1666,1958
1667,1780
1668,2796
1669,1522
1670,1585
1671,1268
1672,1386
1673,3074
1674,837
1675,765
1676,607
1677,981
1678,895
1679,549
1680,1304
1681,1310
1682,776
1683,528
1684,194
1685,428
1686,277
1687,1202
1688,1364
1689,1962
1690,2608
1691,180
1692,169
1693,599
1694,1653
1695,2987
1696,3538
1697,2272
1698,1936
1699,461
1700,1924
1701,1237
1702,295
1703,261
1704,771
1705,1622
1706,1444
1707,327
1708,437
1709,348
1710,431
1711,784
1712,417
1713,470
1714,584
1715,535
1716,660
1717,760
1718,340
1719,430
1720,3
1721,1223
1722,26
1723,672
1724,1050
1725,180
1726,2166
1727,6170
1728,2841
1729,3679
1730,4981
1731,2332
1732,1180
1733,0
1734,0
1735,44
1736,3769
1737,4554
1738,1089
1739,3551
1740,7585
1741,625
1742,2872
1743,3787
1744,43
1745,391
1746,1128
1747,1713
1748,2183
1749,2670
1750,0
1751,2101
1752,1999
1753,837
1754,4221
1755,2181
1756,896
1757,68
1758,1104
1759,634
1760,1097
1761,825
1762,3714
1763,653
1764,491
1765,416
1766,726
1767,452
1768,491
1769,1081
1770,926
1771,317
1772,429
1773,402
1774,1487
1775,663
1776,2946
1777,1442
1778,574
1779,169
1780,486
1781,1428
1782,1005
1783,1254
1784,205
1785,1048
1786,0
1787,562
1788,8
1789,833
1790,0
1791,553
1792,398
1793,558
1794,954
1795,769
1796,858
1797,431
1798,531
1799,1959
1800,1500
1801,2766
1802,521
1803,378
1804,602
1805,461
1806,2295
1807,2201
1808,1824
1809,990
1810,730
1811,1455
1812,3405
1813,1136
1814,1334
1815,703
1816,1605
1817,6401
1818,800
1819,1419
1820,1041
1821,598
1822,1367
1823,997
1824,125
1825,661
1826,1602
1827,1511
1828,1179
1829,582
1830,410
1831,598
1832,362
1833,1145
1834,550
1835,750
1836,660
1837,615
1838,402
1839,1866
1840,1454
1841,1134
1842,2159
1843,943
1844,592
1845,826
1846,3
1847,0
1848,1692
1849,1438
1850,1300
1851,1538
1852,2291
1853,304
1854,214
1855,963
1856,958
1857,1342
1858,1418
1859,347
1860,0
1861,718
1862,1657
1863,2683
1864,364
1865,545
1866,497
1867,517
1868,2217
1869,1165
1870,1363
1871,566
1872,480
1873,1047
1874,352
1875,673
1876,932
1877,405
1878,1234
1879,207
1880,528
1881,1449
1882,1501
1883,1066
1884,585
1885,374
1886,677
1887,2479
1888,1906
1889,426
1890,1190
1891,881
1892,609
1893,526
1894,676
1895,505
1896,592
1897,1639
1898,705
1899,389
1900,382
1901,371
1902,1752
1903,2137
1904,1738
1905,909
1906,172
1907,2149
1908,763
1909,1083
1910,0
1911,950
1912,665
1913,192
1914,1533
1915,463
1916,589
1917,267
1918,280
1919,1142
1920,538
1921,1085
1922,460
1923,314
1924,80
1925,720
1926,130
1927,202
1928,594
1929,777
1930,561
1931,938
1932,2443
1933,1458
1934,2587
1935,1562
1936,1601
1937,1241
1938,2078
1939,1783
1940,3098
1941,1548
1942,2700
1943,1624
1944,1975
1945,2344
1946,1255
1947,1485
1948,2195
1949,2991
1950,1658
1951,709
1952,1710
1953,2788
1954,150
1955,1190
1956,120
1957,30
1958,0
1959,242
1960,1519
1961,312
1962,1204
1963,509
1964,612
1965,831
1966,1903
1967,1977
1968,2442
1969,341
1970,1313
1971,376
1972,484
1973,461
1974,751
1975,1408
1976,1064
1977,1128
1978,2226
1979,308
1980,809
1981,0
1982,743
1983,498
1984,804
1985,402
1986,472
1987,609
1988,823
1989,631
1990,1383
1991,1
1992,219
1993,1222
1994,1435
1995,638
1996,777
1997,181
1998,126
1999,50
2000,940
2001,630
2002,81
2003,1481
2004,2240
2005,2990
2006,2428
2007,344
2008,488
2009,911
2010,1270
2011,1134
2012,616
2013,476
2014,474
2015,2275
2016,2834
2017,2558
2018,2478
2019,2670
2020,1921
2021,1684
2022,1897
2023,2039
2024,1373
2025,2758
2026,1939
2027,3620
2028,1368
2029,398
2030,252
2031,1638
2032,365
2033,1350
2034,930
2035,295
2036,1271
2037,405
2038,1696
2039,228
2040,394
2041,623
2042,629
2043,78
2044,299
2045,676
2046,947
2047,1427
2048,1274
2049,175
2050,596
2051,984
2052,961
2053,242
2054,563
2055,457
2056,2270
2057,2297
2058,939
2059,1440
2060,1248
2061,4205
2062,2551
2063,2098
2064,2153
2065,1116
2066,1645
2067,1516
2068,945
2069,1118
2070,635
2071,549
2072,2120
2073,1561
2074,975
2075,403
2076,86
2077,1512
2078,1744
2079,1790
2080,1050
2081,1245
2082,338
2083,673
2084,1690
2085,92
2086,313
2087,1093
2088,218
2089,823
2090,144
2091,529
2092,1099
2093,187
2094,290
2095,179
2096,1637
2097,606
2098,1625
2099,2200
2100,589
2101,381
2102,1437
2103,1571
2104,1948
2105,1579
2106,1132
2107,903
2108,2344
2109,684
2110,3250
2111,628
2112,472
2113,1921
2114,1348
2115,2561
2116,2298
2117,1095
2118,90
2119,167
2120,114
2121,223
2122,631
2123,174
2124,148
2125,52
2126,56
2127,248
2128,134
2129,59
2130,147
2131,375
2132,3898
2133,1368
2134,3060
2135,3911
2136,169
2137,2296
2138,224
2139,2795
2140,1186
2141,2248
2142,1635
2143,2153
2144,3019
2145,2035
2146,643
2147,1295
2148,1060
2149,3962
2150,128
2151,1268
2152,7
2153,66
2154,137
2155,1265
2156,1083
2157,1171
2158,3948
2159,1652
2160,1924
2161,1712
2162,1601
2163,33
2164,1992
2165,523
2166,798
2167,975
2168,1187
2169,1765
2170,1698
2171,1198
2172,1854
2173,1337
2174,84
2175,645
2176,1086
2177,1223
2178,785
2179,609
2180,507
2181,1770
2182,1996
2183,1990
2184,309
2185,1125
2186,1154
2187,3008
2188,3400
2189,1521
2190,755
2191,654
2192,663
2193,430
2194,1468
2195,620
2196,589
2197,193
2198,489
2199,708
2200,1303
2201,800
2202,850
2203,1524
2204,791
2205,1616
2206,812
2207,1596
2208,2307
2209,2421
2210,655
2211,669
2212,443
2213,490
2214,1607
2215,1067
2216,1798
2217,246
2218,249
2219,1461
2220,607
2221,1745
2222,2192
2223,1692
2224,531
2225,1283
2226,2091
2227,2431
2228,1710
2229,2309
2230,423
2231,397
2232,1389
2233,1449
2234,3167
2235,1503
2236,2027
2237,1341
2238,373
2239,2648
2240,2262
2241,2842
2242,703
2243,1093
2244,3314
2245,1707
2246,3386
2247,2026
2248,1962
2249,1523
2250,534
2251,1944
2252,649
2253,508
2254,2271
2255,4386
2256,3651
2257,663
2258,1172
2259,1092
2260,1393
2261,1126
2262,1429
2263,3722
2264,2880
2265,2571
2266,938
2267,57
2268,1230
2269,307
2270,2384
2271,2125
2272,2110
2273,2800
2274,1181
2275,1401
2276,1981
2277,977
2278,1243
2279,724
2280,335
2281,854
2282,729
2283,1436
2284,435
2285,338
2286,2215
2287,1317
2288,1383
2289,324
2290,1539
2291,4719
2292,1206
2293,4996
2294,1367
2295,481
2296,296
2297,651
2298,1685
2299,2184
2300,1194
2301,681
2302,393
2303,571
2304,215
2305,714
2306,148
2307,2478
2308,10352
2309,861
2310,4937
2311,2565
2312,2643
2313,10081
2314,1166
2315,6291
2316,4436
2317,2292
2318,6024
2319,2219
2320,656
2321,2808
2322,7858
2323,1068
2324,361
2325,6103
2326,448
2327,1613
2328,2
2329,1287
2330,2474
2331,3034
2332,3108
2333,2099
2334,1774
2335,3013
2336,2775
2337,2020
2338,1275
2339,1470
2340,1144
2341,2006
2342,1128
2343,4322
2344,781
2345,2549
2346,1216
2347,746
2348,335
2349,2720
2350,5175
2351,799
2352,226
2353,1647
2354,1227
2355,933
2356,964
2357,3155
2358,2372
2359,2626
2360,4546
2361,3315
2362,1362
2363,1365
2364,2394
2365,2574
2366,1400
2367,998
2368,1020
2369,350
2370,2042
2371,3052
2372,6053
2373,2119
2374,458
2375,601
2376,1200
2377,1570
2378,1784
2379,369
2380,653
2381,736
2382,4491
2383,152
2384,1429
2385,4416
2386,1324
2387,1835
2388,1046
2389,3712
2390,3246
2391,767
2392,1764
2393,3778
2394,1047
2395,164
2396,289
2397,249
2398,1906
2399,2109
2400,1571
2401,3831
2402,1386
2403,1239
2404,886
2405,1239
2406,897
2407,1899
2408,1276
2409,813
2410,1018
2411,1180
2412,593
2413,519
2414,3743
2415,2782
2416,1882
2417,617
2418,1358
2419,1714
2420,1071
2421,1252
2422,1672
2423,1294
2424,983
2425,181
2426,661
2427,276
2428,437
2429,887
2430,700
2431,270
2432,1023
2433,2001
2434,563
2435,1540
2436,2546
2437,2083
2438,1474
2439,1621
2440,260
2441,734
2442,1305
2443,420
2444,1384
2445,1218
2446,2551
2447,1006
2448,489
2449,445
2450,107
2451,330
2452,895
2453,1652
2454,171
2455,921
2456,1016
2457,1680
2458,3193
2459,6036
2460,313
2461,3673
2462,2171
2463,2414
2464,317
2465,570
2466,382
2467,94
2468,1089
2469,2670
2470,1680
2471,432
2472,1726
2473,1008
2474,4633
2475,2602
2476,4779
2477,598
2478,1428
2479,385
2480,72
2481,1986
2482,391
2483,788
2484,93
2485,1061
2486,1974
2487,25
2488,1438
2489,432
2490,194
2491,638
2492,1033
2493,1054
2494,810
2495,105
2496,487
2497,510
2498,851
2499,1053
2500,0
2501,1165
2502,1342
2503,520
2504,407
2505,3738
2506,594
2507,5025
2508,775
2509,740
2510,480
2511,842
2512,253
2513,716
2514,273
2515,624
2516,393
2517,1158
2518,1257
2519,846
2520,245
2521,796
2522,422
2523,612
2524,1179
2525,1311
2526,918
2527,79
2528,0
2529,543
2530,3101
2531,353
2532,1237
2533,74
2534,0
2535,0
2536,267
2537,29
2538,711
2539,661
2540,27
2541,334
2542,646
2543,1107
2544,456
2545,114
2546,1691
2547,359
2548,184
2549,1112
2550,206
2551,239
2552,326
2553,579
2554,300
2555,841
2556,410
2557,707
2558,1129
2559,275
2560,205
2561,403
2562,431
2563,1114
2564,1084
2565,340
2566,828
2567,235
2568,332
2569,581
2570,794
2571,4131
2572,434
2573,1721
2574,1565
2575,970
2576,1549
2577,824
2578,696
2579,1843
2580,1266
2581,1257
2582,457
2583,2173
2584,79
2585,97
2586,277
2587,4369
2588,549
2589,1501
2590,45
2591,185
2592,60
2593,528
2594,427
2595,4086
2596,242
2597,1426
2598,52
2599,91
2600,128
2601,232
2602,1316
2603,192
2604,220
2605,207
2606,167
2607,600
2608,313
2609,577
2610,243
2611,255
2612,772
2613,75
2614,1149
2615,1602
2616,1185
2617,98
2618,798
2619,165
2620,131
2621,1813
2622,5569
2623,956
2624,3511
2625,976
2626,1582
2627,1765
2628,1789
2629,303
2630,1389
2631,1858
2632,583
2633,113
2634,176
2635,780
2636,4583
2637,1140
2638,362
2639,5115
2640,792
2641,3341
2642,2255
2643,4482
2644,3211
2645,1358
2646,1390
2647,544
2648,167
2649,1556
2650,846
2651,1326
2652,1964
2653,365
2654,817
2655,2997
2656,4977
2657,1840
2658,2479
2659,1946
2660,970
2661,4265
2662,6497
2663,1916
2664,1055
2665,11
2666,237
2667,997
2668,1177
2669,2055
2670,655
2671,1251
2672,1936
2673,960
2674,3465
2675,3335
2676,2677
2677,1593
2678,1276
2679,1289
2680,2145
2681,1936
2682,443
2683,374
2684,802
2685,849
2686,813
2687,0
2688,448
2689,1008
2690,3790
2691,2737
2692,5012
2693,1218
2694,3842
2695,4090
2696,1394
2697,1056
2698,1051
2699,384
2700,5354
2701,2345
2702,290
2703,7801
2704,8821
2705,7501
2706,3322
2707,5633
2708,4312
2709,4003
2710,2888
2711,2938
2712,2461
2713,3423
2714,5069
2715,1604
2716,3182
2717,3763
2718,9214
2719,5536
2720,5995
2721,3770
2722,5408
2723,7074
2724,3803
2725,2598
2726,869
2727,382
2728,1161
2729,492
2730,379
2731,1346
2732,290
2733,5624
2734,354
2735,1204
2736,2
2737,330
2738,13
2739,158
2740,3767
2741,6114
2742,1299
2743,232
2744,86
2745,5905
2746,885
2747,300
2748,1830
2749,2268
2750,1922
2751,1348
2752,2205
2753,1498
2754,6727
2755,1805
2756,0
2757,178
2758,2468
2759,1138
2760,2
2761,0
2762,755
2763,1954
2764,4102
2765,218
2766,5933
2767,2166
2768,827
2769,4240
2770,5
2771,6380
2772,1213
2773,3
2774,300
2775,2191
2776,192
2777,38
2778,1530
2779,382
2780,4272
2781,1185
2782,168
2783,1243
2784,816
2785,3289
2786,303
2787,438
2788,502
2789,1030
2790,2757
2791,2558
2792,738
2793,1242
2794,943
2795,892
2796,954
2797,882
2798,428
2799,311
2800,506
2801,1796
2802,581
2803,189
2804,489
2805,318
2806,150
2807,1080
2808,1596
2809,2979
2810,193
2811,622
2812,1970
2813,2306
2814,335
2815,1072
2816,857
2817,1148
2818,780
2819,320
2820,0
2821,2
2822,1
2823,1
2824,929
2825,305
2826,884
2827,359
2828,2065
2829,35
2830,1
2831,4
2832,687
2833,75
2834,211
2835,79
2836,344
2837,64
2838,1541
2839,2208
2840,4492
2841,2331
2842,2138
2843,2673
2844,3085
2845,626
2846,734
2847,2011
2848,1317
2849,1824
2850,1903
2851,4853
2852,3369
2853,2760
2854,3143
2855,1641
2856,1185
2857,1586
2858,314
2859,4924
2860,1268
2861,78
2862,19
2863,364
2864,32
2865,88
2866,114
2867,52
2868,52
2869,5049
2870,8
2871,377
2872,1242
2873,1190
2874,1
2875,1334
2876,1454
2877,50
2878,2204
2879,3405
2880,3765
2881,2931
2882,1052
2883,1924
2884,156
2885,211
2886,160
2887,66
2888,203
2889,333
2890,72
2891,334
2892,181
2893,78
2894,78
2895,106
2896,1773
2897,33
2898,56
2899,2918
2900,717
2901,1890
2902,1972
2903,190
2904,258
2905,45
2906,125
2907,90
2908,399
2909,76
2910,4074
2911,2156
2912,1064
2913,830
2914,1023
2915,593
2916,184
2917,339
2918,730
2919,600
2920,179
2921,2254
2922,1144
2923,134
2924,534
2925,141
2926,66
2927,405
2928,321
2929,1187
2930,483
2931,961
2932,293
2933,614
2934,137
2935,2687
2936,578
2937,349
2938,305
2939,2783
2940,1698
2941,451
2942,1531
2943,306
2944,551
2945,369
2946,2504
2947,563
2948,200
2949,7570
2950,168
2951,170
2952,144
2953,311
2954,768
2955,641
2956,778
2957,1057
2958,6425
2959,1486
2960,980
2961,573
2962,1435
2963,1434
2964,1302
2965,388
2966,1431
2967,485
2968,782
2969,1351
2970,4327
2971,275
2972,157
2973,1544
2974,651
2975,302
2976,247
2977,5110
2978,312
2979,829
2980,800
2981,120
2982,199
2983,287
2984,1161
2985,215
2986,509
2987,409
2988,872
2989,740
2990,111
2991,1530
2992,4730
2993,8259
2994,120
2995,1741
2996,509
2997,47
2998,1556
2999,558
3000,2434
3001,211
3002,335
3003,588
3004,3148
3005,1758
3006,255
3007,645
3008,827
3009,326
3010,416
3011,101
3012,201
3013,1200
3014,913
3015,440
3016,321
3017,350
3018,292
3019,2024
3020,101
3021,371
3022,146
3023,181
3024,99
3025,220
3026,356
3027,650
3028,1138
3029,763
3030,1769
3031,266
3032,215
3033,391
3034,72
3035,874
3036,515
3037,3127
3038,1643
3039,200
3040,251
3041,159
3042,425
3043,944
3044,904
3045,791
3046,927
3047,2772
3048,337
3049,1015
3050,4158
3051,1880
3052,144
3053,5378
3054,2672
3055,240
3056,1958
3057,251
3058,83
3059,442
3060,451
3061,202
3062,486
3063,424
3064,308
3065,554
3066,331
3067,544
3068,968
3069,1130
3070,1029
3071,1362
3072,480
3073,1074
3074,415
3075,263
3076,3593
3077,121
3078,71
3079,69
3080,248
3081,1257
3082,251
3083,308
3084,196
3085,1444
3086,480
3087,679
3088,485
3089,668
3090,216
3091,349
3092,1265
3093,224
3094,60
3095,223
3096,2537
3097,2065
3098,431
3099,2645
3100,191
3101,1371
3102,90
3103,156
3104,296
3105,115
3106,507
3107,3086
3108,252
3109,3056
3110,1175
3111,399
3112,130
3113,443
3114,861
3115,220
3116,1008
3117,1313
3118,154
3119,499
3120,409
3121,208
3122,838
3123,100
3124,225
3125,978
3126,438
3127,522
3128,337
3129,491
3130,679
3131,439
3132,196
3133,642
3134,327
3135,96
3136,2566
3137,130
3138,97
3139,209
3140,1142
3141,1083
3142,344
3143,568
3144,1583
3145,1447
3146,475
3147,755
3148,248
3149,592
3150,257
3151,473
3152,289
3153,58
3154,1032
3155,545
3156,471
3157,2544
3158,188
3159,65
3160,433
3161,388
3162,455
3163,365
3164,915
3165,198
3166,144
3167,168
3168,815
3169,649
3170,481
3171,372
3172,2230
3173,688
3174,862
3175,1256
3176,132
3177,207
3178,789
3179,175
3180,259
3181,873
3182,757
3183,632
3184,275
3185,362
3186,271
3187,288
3188,449
3189,460
3190,915
3191,127
3192,453
3193,2640
3194,561
3195,212
3196,155
3197,204
3198,1143
3199,386
3200,61
3201,2641
3202,2087
3203,1432
3204,380
3205,2402
3206,5813
3207,1409
3208,4176
3209,9172
3210,383
3211,1995
3212,5226
3213,7915
3214,3734
3215,1565
3216,5576
3217,3339
3218,1959
3219,4899
3220,4385
3221,1287
3222,665
3223,1487
3224,311
3225,690
3226,4112
3227,2864
3228,1050
3229,2106
3230,1556
3231,79
3232,1457
3233,2007
3234,942
3235,1747
3236,344
3237,1305
3238,428
3239,2168
3240,1618
3241,1764
3242,2302
3243,363
3244,1554
3245,639
3246,1085
3247,1700
3248,14
3249,372
3250,652
3251,350
3252,459
3253,566
3254,641
3255,412
3256,834
3257,1140
3258,460
3259,847
3260,1678
3261,471
3262,390
3263,886
3264,398
3265,126
3266,434
3267,989
3268,966
3269,1088
3270,367
3271,432
3272,171
3273,1715
3274,1439
3275,321
3276,3923
3277,2061
3278,620
3279,336
3280,1176
3281,1280
3282,487
3283,1187
3284,998
3285,1173
3286,549
3287,632
3288,208
3289,159
3290,312
3291,151
3292,1975
3293,149
3294,2240
3295,2193
3296,424
3297,4123
3298,2169
3299,1399
3300,2132
3301,3792
3302,829
3303,2956
3304,1337
3305,1896
3306,4321
3307,3641
3308,4069
3309,6127
3310,595
3311,777
3312,5100
3313,1012
3314,3121
3315,1471
3316,1566
3317,873
3318,2208
3319,6740
3320,1444
3321,1729
3322,4421
3323,1728
3324,1522
3325,6846
3326,6520
3327,6924
3328,4791
3329,5521
3330,8715
3331,5289
3332,2931
3333,10240
3334,6087
3335,2974
3336,1998
3337,1117
3338,6
3339,11783
3340,6
3341,2657
3342,1487
3343,5233
3344,5144
3345,27
3346,524
3347,564
3348,760
3349,332
3350,1024
3351,717
3352,663
3353,820
3354,640
3355,540
3356,906
3357,575
3358,359
3359,528
3360,534
3361,5250
3362,1545
3363,538
3364,723
3365,495
3366,785
3367,980
3368,435
3369,609
3370,743
3371,503
3372,905
3373,3765
3374,680
3375,752
3376,583
3377,850
3378,459
3379,461
3380,410
3381,434
3382,551
3383,132
3384,506
3385,680
3386,1597
3387,2588
3388,1104
3389,863
3390,304
3391,777
3392,756
3393,412
3394,543
3395,297
3396,3102
3397,5190
3398,1057
3399,1008
3400,1447
3401,324
3402,356
3403,349
3404,1027
3405,366
3406,879
3407,482
3408,1779
3409,440
3410,278
3411,738
3412,412
3413,377
3414,285
3415,845
3416,566
3417,579
3418,2111
3419,286
3420,552
3421,324
3422,3705
3423,456
3424,351
3425,2451
3426,308
3427,475
3428,912
3429,1621
3430,1074
3431,621
3432,854
3433,5338
3434,995
3435,820
3436,2952
3437,767
3438,678
3439,796
3440,700
3441,1040
3442,726
3443,2826
3444,635
3445,756
3446,1853
3447,668
3448,865
3449,2290
3450,1079
3451,2384
3452,1285
3453,948
3454,2491
3455,4052
3456,648
3457,2289
3458,1239
3459,386
3460,385
3461,792
3462,375
3463,2538
3464,107
3465,159
3466,462
3467,635
3468,2997
3469,1289
3470,1206
3471,1015
3472,593
3473,1398
3474,966
3475,801
3476,1318
3477,763
3478,984
3479,512
3480,1453
3481,385
3482,986
3483,601
3484,894
3485,1253
3486,663
3487,113
3488,2670
3489,742
3490,453
3491,10017
3492,3469
3493,3256
3494,730
3495,2104
3496,5622
3497,532
3498,648
3499,811
3500,858
3501,8581
3502,1317
3503,147
3504,5829
3505,535
3506,515
3507,989
3508,545
3509,461
3510,6379
3511,2849
3512,775
3513,712
3514,313
3515,1237
3516,473
3517,3378
3518,1779
3519,534
3520,356
3521,525
3522,362
3523,254
3524,352
3525,974
3526,588
3527,885
3528,327
3529,371
3530,2640
3531,527
3532,471
3533,481
3534,2691
3535,1884
3536,191
3537,4790
3538,1532
3539,283
3540,4241
3541,1187
3542,246
3543,3659
3544,11697
3545,4341
3546,5443
3547,6780
3548,457
3549,3195
3550,328
3551,1208
3552,456
3553,485
3554,1936
3555,589
3556,541
3557,530
3558,412
3559,587
3560,1504
3561,948
3562,698
3563,807
3564,3178
3565,4192
3566,1087
3567,2609
3568,707
3569,1537
3570,1474
3571,677
3572,480
3573,1899
3574,527
3575,372
3576,1168
3577,1187
3578,2434
3579,422
3580,1472
3581,1235
3582,313
3583,1223
3584,358
3585,1260
3586,785
3587,662
3588,595
3589,3081
3590,747
3591,917
3592,385
3593,459
3594,855
3595,2901
3596,937
3597,690
3598,336
3599,616
3600,496
3601,356
3602,335
3603,1109
3604,403
3605,1465
3606,731
3607,725
3608,1251
3609,384
3610,2585
3611,511
3612,1194
3613,309
3614,1510
3615,353
3616,519
3617,1041
3618,228
3619,373
3620,417
3621,234
3622,250
3623,341
3624,310
3625,3327
3626,2090
3627,1922
3628,1293
3629,409
3630,2031
3631,972
3632,736
